序号,课程编码,课程名称,课程属性,所属学科/专业,课时/学分,开课周,星期节次,教室,授课方式,考试方式
2.0,011D9039Z﹡,数理逻辑,其它,,40/2.0,第2-12周,周三(5-6),N306,课堂讲授为主,大开卷
4.0,011D9059Z﹡,电磁反散射问题,其它,,40/2.0,第2-12周,周三(3-4),N306,课堂讲授为主,课堂开卷
7.0,011D9093Z﹡,多层迭代法,其它,,20/1.0,第2-12周,周三(3-4),N308,课堂讲授为主,大开卷
10.0,011D9102Z﹡,代数几何I、II,其它,,80/4.0,第3-20周,周一(3-4),N406,课堂讲授为主,课堂开卷
10.0,011D9102Z﹡,代数几何I、II,其它,,80/4.0,第3-20周,周五(2-4),N406,课堂讲授为主,课堂开卷
11.0,011D9103Z﹡,代数数论I、II,其它,,80/4.0,第2-22周,周三(5-6),N401,课堂讲授为主,课堂开卷
15.0,011M1003Y,微分流形,一级学科核心课,数学,60/3.0,第2-18周,周三(5-6),教204,课堂讲授为主,闭卷笔试
20.0,011M1010Y,泛函分析Ⅰ,一级学科核心课,数学,40/2.0,第8-19周,周六(3-4),阶二2,课堂讲授为主,闭卷笔试
20.0,011M1010Y,泛函分析Ⅰ,一级学科核心课,数学,40/2.0,第8-19周,周日(5-6),阶二2,课堂讲授为主,闭卷笔试
21.0,011M1011H,最优化计算方法,一级学科核心课,"数学
系统科学",40/2.0,第8-20周,周一(3-4),教1-101,课堂讲授为主,课堂开卷
21.0,011M1011H,最优化计算方法,一级学科核心课,"数学
系统科学",40/2.0,第8-20周,周三(3-4),教1-101,课堂讲授为主,课堂开卷
24.0,011M1014H,偏微分方程概论,一级学科核心课,"数学
系统科学",60/3.0,第2-13周,周三(5-7),教1-317,课堂讲授为主,闭卷笔试
25.0,011M1014Y,偏微分方程概论,一级学科核心课,"数学
系统科学",60/3.0,第2-13周,周五(2-4),教304,课堂讲授为主,闭卷笔试
25.0,011M1014Y,偏微分方程概论,一级学科核心课,"数学
系统科学",60/3.0,第2-13周,周日(2-4),教304,课堂讲授为主,闭卷笔试
28.0,011M4008H,数值线性代数,专业核心课,计算数学,40/2.0,第3-14周,周五(1-2),教1-123,课堂讲授为主,闭卷笔试
29.0,011M4009H,数值逼近,专业核心课,计算数学,40/2.0,第2-16周,周三(5-7),教1-225,课堂讲授为主,闭卷笔试
31.0,011M4013H,多元统计分析,专业核心课,"概率论与数理统计
统计学（生物与医学统计）
统计学（数理统计与统计计算）",60/3.0,第2-18周,周五(3-4),教1-209,课堂讲授为主,闭卷笔试
35.0,011M5002Y,微分拓扑,专业普及课,,40/2.0,第2-13周,周一(3-4),教304,课堂讲授为主,课堂开卷
35.0,011M5002Y,微分拓扑,专业普及课,,40/2.0,第2-13周,周三(3-4),教304,课堂讲授为主,课堂开卷
40.0,01MGX004H,复变函数与积分变换,公共选修课,,40/1.5,第2-10周,周五(9-11),教1-108,课堂讲授为主,闭卷笔试
52.0,021M1006H,光学电磁理论及应用,一级学科核心课,物理学,50/3.0,第2-20周,周五(1-3),教1-109,课堂讲授为主,闭卷笔试
53.0,021M1007H,超导物理,一级学科核心课,物理学,50/3.0,第2-20周,周三(5-7),教1-215,课堂讲授为主,闭卷笔试
62.0,021M2003H,密度泛函理论与应用,一级学科普及课,物理学,40/2.0,第2-15周,周五(1-3),教1-405,课堂讲授为主,课堂开卷
63.0,021M2004H,量子场论（1）（理论物理方向）,一级学科普及课,物理学,50/3.0,第2-20周,周五(1-3),教1-306,课堂讲授为主,闭卷笔试
64.0,021M2005H,广义相对论,一级学科普及课,物理学,50/3.0,第2-20周,周三(5-7),教1-405,课堂讲授为主,闭卷笔试
65.0,021M2007H,高等物理实验（1）,实验课,,20/0.5,第9周,周六(1),学2-340(物理学院教学实验室),讲课、实验,读书报告
67.0,021M2011H,微分几何及其在物理中的应用,一级学科普及课,物理学,50/3.0,第6-20周,周五(9-10),教1-121,课堂讲授为主,闭卷笔试
68.0,021M2013H,实验物理中的概率和统计,一级学科普及课,物理学,40/2.0,第2-15周,周一(3-4),教1-405,课堂讲授为主,闭卷笔试
68.0,021M2013H,实验物理中的概率和统计,一级学科普及课,物理学,40/2.0,第2-15周,周三(3-4),教1-405,课堂讲授为主,闭卷笔试
70.0,021M2016H,现代生物物理学,一级学科普及课,物理学,50/3.0,第2-18周,周三(5-6),教1-134,课堂讲授为主,课堂开卷
73.0,021M2040H,海洋声学,一级学科普及课,物理学,50/3.0,第2-20周,周三(5-7),教1-214,课堂讲授为主,课堂开卷
77.0,021M3001H,密度泛函理论与应用讨论班,一级学科研讨课,物理学,20/1.0,第16-20周,周五(1-4),教1-405,授课、讨论,读书报告
79.0,021M3019H,声表面波传感技术及应用,一级学科研讨课,物理学,20/1.0,第3-10周,周五(1-3),教1-134,课堂讲授为主,读书报告
81.0,031M1002H,高等天文学,一级学科核心课,天文学,60/3.0,"第2-3,6-20周",周一(1-3),教1-208,课堂讲授为主,闭卷笔试
84.0,031M2003H,射电望远镜设计与实现,一级学科普及课,天文学,48/3.0,"第2,4,6-19周",周六(5-8),教1-127,课堂讲授为主,大开卷
86.0,031M4002H,现代太阳物理导论,专业核心课,天体物理,60/3.0,"第2-4,6-20周",周三(5-7),学2-104,课堂讲授为主,闭卷笔试
87.0,031M4003H,行星科学导论,专业核心课,天体物理,60/3.0,"第2-4,6-20周",周五(9-11),教1-214,课堂讲授为主,闭卷笔试
93.0,031M4014H,天文光学系统,专业核心课,天文技术与方法,60/3.0,"第4,6-14周",周五(1-3),教1-315,课堂讲授为主,闭卷笔试
95.0,031M5002H,核天体物理学,专业普及课,天体物理,45/2.0,"第2-4,6-17周",周五(1-3),教1-223,课堂讲授为主,课堂开卷
97.0,032M1001H,空间环境预报,一级学科核心课,航空宇航科学与技术,54/3.0,"第2-4,6-20周",周三(5-7),学2-362,课堂讲授为主,课堂开卷
100.0,032M1004H,航天器轨道姿态动力学与控制,一级学科核心课,航空宇航科学与技术,56/3.0,"第2-4,6-20周",周五(9-11),教1-123,课堂讲授为主,课堂开卷
101.0,032M2001H,空间科学概论,一级学科普及课,航空宇航科学与技术,30/2.0,"第2-4,6-17周",周三(3-4),教1-114,课堂讲授为主,课堂开卷
102.0,041M4003H,高等仪器分析,专业核心课,分析化学,50/3.0,第3-13周,周三(5-7),教2-205,课堂讲授为主,闭卷笔试
103.0,041M4004H,高等有机合成,专业核心课,有机化学,50/3.0,第2-20周,周三(5-7),教2-105,课堂讲授为主,闭卷笔试
106.0,041M4009H,高等高分子物理,专业核心课,高分子化学与物理,72/5.0,第7-20周,周三(5-7),教2-125,课堂讲授为主,闭卷笔试
107.0,041M4010H,配位化学,专业核心课,无机化学,60/4.0,第2-21周,周一(2-4),教2-204,课堂讲授为主,闭卷笔试
108.0,041M4011H,化学热力学,专业核心课,物理化学,50/3.0,第2-20周,周三(5-7),教2-207,课堂讲授为主,闭卷笔试
109.0,041M4012H,化学反应动力学,专业核心课,物理化学,50/3.0,第2-16周,周五(1-2),教2-204,课堂讲授为主,闭卷笔试
120.0,041M5018H-1,电化学原理及应用,专业普及课,物理化学,50/3.0,第2-18周,周三(5-6),教1-306,课堂讲授为主,课堂开卷
121.0,041M5018H-2,电化学原理及应用,专业普及课,物理化学,50/3.0,"第2-4,6-16周",周三(3-4),教2-106,课堂讲授为主,闭卷笔试
121.0,041M5018H-2,电化学原理及应用,专业普及课,物理化学,50/3.0,"第2-4,6-16周",周五(3-4),教2-106,课堂讲授为主,闭卷笔试
122.0,041M5019H,光化学原理及应用,专业普及课,物理化学,50/3.0,第2-16周,周五(1-2),教2-118,课堂讲授为主,闭卷笔试
125.0,041M6002H,纳米分析前沿,专业研讨课,分析化学,21/1.0,第12-20周,周三(5-7),教2-121,授课、讨论,读书报告
128.0,041M6010H,纳米材料的应用,专业研讨课,无机化学,20/1.0,第13-20周,周三(5-7),教2-327,授课、讨论,读书报告
129.0,051M1002H,材料分析方法,一级学科核心课,材料科学与工程,50/3.0,第2-16周,周三(5-6),教1-101,课堂讲授为主,闭卷笔试
131.0,051M2005H,材料科学与工程中的数学方法,一级学科普及课,材料科学与工程,50/3.0,第6-19周,周一(3-4),教1-404,课堂讲授为主,闭卷笔试
131.0,051M2005H,材料科学与工程中的数学方法,一级学科普及课,材料科学与工程,50/3.0,"第6,8-18周",周三(3-4),教1-404,课堂讲授为主,闭卷笔试
133.0,051M2007H,高等半导体物理,一级学科普及课,材料科学与工程,40/2.0,第2-17周,周三(5-7),教1-009,课堂讲授为主,闭卷笔试
137.0,051M4017H,分子材料与器件,专业核心课,材料物理与化学,50/3.0,第2-15周,周三(5-6),教1-311,课堂讲授为主,闭卷笔试
139.0,051M4083H,硅基光电子学材料与器件,专业核心课,材料物理与化学,60/4.0,第2-18周,周五(1-2),教1-305,课堂讲授为主,闭卷笔试
140.0,051M5020H,生物可降解高分子材料,专业普及课,材料学,40/2.0,第2-13周,周三(3-4),教1-317,课堂讲授为主,课堂开卷
140.0,051M5020H,生物可降解高分子材料,专业普及课,材料学,40/2.0,第2-13周,周五(3-4),教1-317,课堂讲授为主,课堂开卷
149.0,051M5070H,半导体微纳结构光电子与量子器件,专业普及课,,40/3.0,第2-13周,周五(1-2),教1-125,授课、讨论,闭卷笔试
153.0,051M5106H,半导体激光器,专业普及课,材料物理与化学,50/3.0,"第2,4-20周",周三(5-7),教1-404,课堂讲授为主,课堂开卷
155.0,051M5108H,半导体材料测试与分析,专业普及课,材料物理与化学,50/3.0,第3-16周,周五(3-4),教1-404,课堂讲授为主,课堂开卷
160.0,051M6002H,宽带高速硅基光子集成芯片,专业研讨课,材料物理与化学,21/2.0,"第2,4,6,8,10,12,14周",周三(5-7),学2-302,授课、讨论,读书报告
162.0,051M6035H,半导体物理前沿进展,专业研讨课,材料物理与化学,20/1.0,第6-11周,周三(5-7),教1-232,授课、讨论,读书报告
162.0,051M6035H,半导体物理前沿进展,专业研讨课,材料物理与化学,20/1.0,第6-11周,周五(3-4),教1-232,授课、讨论,读书报告
174.0,061M2031H,生物统计与实验设计,一级学科普及课,生物学,40/3.0,"第2-4,6-14周",周一(3-4),教2-201,课堂讲授为主,课堂开卷
174.0,061M2031H,生物统计与实验设计,一级学科普及课,生物学,40/3.0,"第2-4,6-14周",周五(1-2),教2-201,课堂讲授为主,课堂开卷
175.0,061M4001H,高级植物发育生物学,专业核心课,生物学,60/4.0,"第2-4,6-20周",周三(5-7),教2-104,课堂讲授为主,闭卷笔试
183.0,061M4009H,分子细胞生物学,专业核心课,生物学,60/4.0,"第2-4,6-19周",周五(3-4),教2-201,授课、讨论,闭卷笔试
184.0,061M4011H,细胞的物理生物学,专业核心课,生物学,60/4.0,"第2-4,6-20周",周三(5-7),教2-427,授课、讨论,闭卷笔试
197.0,061M5012H,生物技术药物,专业普及课,生物学,48/3.0,"第2-4,6-19周",周五(9-11),教2-106,课堂讲授为主,读书报告
203.0,061M5021H,功能基因组学,专业普及课,生物学,40/3.0,"第2-4,6-18周",周三(5-7),教2-101,授课、讨论,读书报告
205.0,061M5026H,微生物代谢工程,专业普及课,生物学,30/2.0,"第3-4,6-15周",周三(5-7),教2-106,课堂讲授为主,读书报告
207.0,061M5029H,动物生态学,专业普及课,生物学,40/3.0,"第2-4,6-18周",周三(5-7),教2-229,授课、讨论,课堂开卷
208.0,061M5030H,植物生态学,专业普及课,生物学,40/3.0,"第2,4,6-18周",周一(9-11),教2-104,授课、讨论,闭卷笔试
210.0,061M5037H,生物化学实验,专业普及课,,80/2.0,第3-9周,周六(1-8),学3-537（生命学院教学实验室）,讲课、实验,其它（需说明）
212.0,061M5041H,生命科学研究中的色谱、质谱和组学技术,专业普及课,生物学,40/3.0,"第2-4,6-17周",周三(5-7),教2-127,讲课、上机,课堂开卷
213.0,061M5045H,生物化学实验原理与技术,专业普及课,生物学,40/3.0,第2-16周,周一(3-4),教2-105,课堂讲授为主,课堂开卷
213.0,061M5045H,生物化学实验原理与技术,专业普及课,生物学,40/3.0,第2-16周,周三(3-4),教2-105,课堂讲授为主,课堂开卷
214.0,061M5046H,神经科学的表述与撰写,专业普及课,生物学,30/2.0,第2-9周,周一(9-11),教2-213,授课、讨论,读书报告
214.0,061M5046H,神经科学的表述与撰写,专业普及课,生物学,30/2.0,第2-9周,周三(5-7),教2-213,授课、讨论,读书报告
218.0,071M4005H,工程地震学,专业核心课,固体地球物理学,70/4.5,"第2-4,6-15周",周三(5-7),教2-423,课堂讲授为主,闭卷笔试
219.0,071M4007H,空间等离子体物理学,专业核心课,空间物理学,60/4.0,"第2-4,6-13周",周五(9-11),教2-121,课堂讲授为主,闭卷笔试
221.0,071M4011H,有限元方法与计算地球动力学,专业核心课,地球动力学,50/3.0,第2周,周日(9-11),教2-223,课堂讲授为主,闭卷笔试
224.0,071M5002H,现代地学实验分析技术,专业普及课,固体地球物理学,53/3.0,"第2-4,6-11周",周三(5-7),教2-419,讲课、实验,闭卷笔试
225.0,071M5003H,高等地震学,专业普及课,固体地球物理学,50/3.0,"第2,4,6-11周",周一(2-4),教2-429,课堂讲授为主,闭卷笔试
225.0,071M5003H,高等地震学,专业普及课,固体地球物理学,50/3.0,"第2-4,6-11周",周五(2-4),教2-429,课堂讲授为主,闭卷笔试
228.0,071M5008H,构造物理学基础,专业普及课,地球动力学,52/3.0,"第2-4,6-20周",周三(5-7),学4-317,课堂讲授为主,课堂开卷
231.0,071M5015H,地震仪器操作及台站布设,专业普及课,地球动力学,48/2.0,"第6-8,10-12周",周五(9-10),学4-317,课堂讲授为主,闭卷笔试
231.0,071M5015H,地震仪器操作及台站布设,专业普及课,地球动力学,48/2.0,"第6-8,10-12周",周六(1-8),地球物理观测教学实验室(一),课堂讲授为主,闭卷笔试
232.0,072M4001H,火成岩石学,专业核心课,矿物学、岩石学、矿床学,60/4.0,第6-15周,周三(5-7),教2-206,课堂讲授为主,闭卷笔试
241.0,072M4017H,第四纪地质与环境,专业核心课,第四纪地质学,60/4.0,"第2-4,6-13周",周三(5-7),教2-429,课堂讲授为主,闭卷笔试
243.0,072M4020H,矿床地球化学,专业核心课,矿物学、岩石学、矿床学,60/4.0,第6-15周,周一(1-3),教2-227,课堂讲授为主,闭卷笔试
243.0,072M4020H,矿床地球化学,专业核心课,矿物学、岩石学、矿床学,60/4.0,第4-14周,周五(1-3),教2-227,课堂讲授为主,闭卷笔试
244.0,072M4021H,沉积大地构造学,专业核心课,构造地质学,60/4.0,"第2,6-13周",周一(1-3),教2-127,课堂讲授为主,闭卷笔试
244.0,072M4021H,沉积大地构造学,专业核心课,构造地质学,60/4.0,第2-13周,周五(1-3),教2-127,课堂讲授为主,闭卷笔试
246.0,072M5005H,层序地层学,专业普及课,矿物学、岩石学、矿床学,42/2.5,"第2-4,6-7周",周三(5-7),教2-325,课堂讲授为主,课堂开卷
246.0,072M5005H,层序地层学,专业普及课,矿物学、岩石学、矿床学,42/2.5,"第2-4,6-7周",周五(9-11),教2-325,课堂讲授为主,课堂开卷
249.0,072M5014H,构造与成矿作用（含矿田构造）,专业普及课,构造地质学,36/2.0,第15-20周,周五(1-3),教2-225,课堂讲授为主,闭卷笔试
251.0,072M5018H,稳定同位素与古环境,专业普及课,第四纪地质学,40/2.5,第14-20周,周三(5-7),教2-429,课堂讲授为主,闭卷笔试
253.0,072M5021H,前新生代环境,专业普及课,第四纪地质学,32/2.0,第10-17周,周五(1-2),教2-421,课堂讲授为主,闭卷笔试
255.0,072M5024H,地球化学概论,专业普及课,地球化学,40/2.5,"第2-4,6-9周",周三(5-7),教2-421,课堂讲授为主,闭卷笔试
261.0,073M4007H,大气辐射学,专业核心课,大气物理学与大气环境,60/4.0,"第2-4,6-20周",周三(5-7),教2-218,课堂讲授为主,闭卷笔试
262.0,073M4008H,大气探测学,专业核心课,大气物理学与大气环境,60/4.0,第2-3周,周日(1-8),教2-118,课堂讲授为主,闭卷笔试
263.0,073M4009H,大气化学,专业核心课,大气物理学与大气环境,60/4.0,第7-9周,周日(5-7),教2-323,课堂讲授为主,闭卷笔试
265.0,073M5001H,气候统计方法和应用,专业普及课,气象学,50/3.0,"第2-4,6-19周",周五(1-3),教2-105,课堂讲授为主,闭卷笔试
267.0,073M5005H,雷达气象学原理和应用,专业普及课,气象学,48/3.0,"第2-4,6-17,19周",周五(2-4),教2-121,课堂讲授为主,课堂开卷
269.0,073M6001H,气候变化讨论课,专业研讨课,气象学,20/1.0,第16-20周,周一(3-4),教2-207,授课、讨论,读书报告
269.0,073M6001H,气候变化讨论课,专业研讨课,气象学,20/1.0,第16-20周,周三(3-4),教2-207,授课、讨论,读书报告
270.0,073M6007H,土壤碳氮过程与温室气体,专业研讨课,大气物理学与大气环境,30/1.5,第14-18周,周三(5-7),教2-325,授课、讨论,文献综述
274.0,075M5001H,岩体力学,专业普及课,地质工程,40/2.5,第13-20周,周三(5-7),教2-421,课堂讲授为主,闭卷笔试
283.0,07MGX012H,中国建筑赏析,公共选修课,,30/1.0,"第2-3,6-13周",周三(5-7),教1-107,课堂讲授为主,大开卷
286.0,081M1003H,现代自然地理学,一级学科核心课,地理学,54/3.0,第2-20周,周三(5-7),教2-201,课堂讲授为主,课堂开卷
288.0,081M1005H,资源经济学,一级学科核心课,地理学,50/3.0,第2-19周,周三(5-7),教2-329,课堂讲授为主,闭卷笔试
298.0,081M2007H-1,地理信息系统应用实践-1,一级学科普及课,地理学,30/1.5,第7-20周,周一(3-4),学3-257(机房),讲课、上机,读书报告
298.0,081M2007H-1,地理信息系统应用实践-1,一级学科普及课,地理学,30/1.5,第7-20周,周三(3-4),学3-257(机房),讲课、上机,读书报告
299.0,081M2007H-2,地理信息系统应用实践-2,一级学科普及课,地理学,30/1.5,第7-20周,周一(3-4),学3-281(机房),讲课、上机,读书报告
299.0,081M2007H-2,地理信息系统应用实践-2,一级学科普及课,地理学,30/1.5,第7-20周,周三(3-4),学3-281(机房),讲课、上机,读书报告
301.0,081M4008H,空间分析,专业核心课,,60/4.0,第2-18周,周五(1-3),教2-101,课堂讲授为主,课堂开卷
302.0,081M5005H,Python空间数据处理,专业普及课,地图学与地理信息系统,54/3.0,第2-20周,周一(9-11),学3-257(机房),课堂讲授为主,读书报告
303.0,081M5009H,全球导航卫星系统原理与应用,专业普及课,地图学与地理信息系统,51/3.0,第3-13周,周三(5-7),教2-118,课堂讲授为主,课堂开卷
318.0,082M2008H,环境规划与管理,一级学科普及课,生态学,40/2.0,第2-15周,周三(5-7),教2-323,课堂讲授为主,课堂开卷
321.0,082M2014H-1,R语言及其在生态学中的应用-1,一级学科普及课,生态学,40/2.0,第2-15周,周一(9-11),学2-114,课堂讲授为主,大开卷
325.0,082M3004H,高原生态系统生态学,一级学科研讨课,生态学,21/1.0,第2-9周,周三(5-7),教2-123,课堂讲授为主,读书报告
331.0,083M2001H,大气污染监测技术,一级学科普及课,环境科学与工程,40/2.0,第2-12周,周五(3-4),教2-334,课堂讲授为主,课堂开卷
337.0,083M5002H,纳米毒理学,专业普及课,环境科学,40/2.0,第2-12周,周一(3-4),教2-229,课堂讲授为主,闭卷笔试
337.0,083M5002H,纳米毒理学,专业普及课,环境科学,40/2.0,第2-12周,周三(3-4),教2-229,课堂讲授为主,闭卷笔试
338.0,083M5006H-1,环境微生物实验-1,实验课,,40/1.5,第6-11周,周六(1-8),学4-341（环境微生物实验室）,讲课、实验,其它（需说明）
339.0,083M5006H-2,环境微生物实验-2,实验课,,40/1.5,第6-11周,周日(1-8),学4-341（环境微生物实验室）,讲课、实验,其它（需说明）
341.0,083M5008H,环境纳米科学与技术,专业普及课,环境科学,50/3.0,第2-15周,周五(1-2),教2-229,课堂讲授为主,课堂开卷
342.0,083M5009H,环境影响评价,专业普及课,环境科学,40/2.0,第3-13周,周三(5-6),教2-319,课堂讲授为主,课堂开卷
343.0,083M5013H,高级废水生物处理工程,专业普及课,环境工程,40/2.0,第2-12周,周一(3-4),教2-125,课堂讲授为主,课堂开卷
343.0,083M5013H,高级废水生物处理工程,专业普及课,环境工程,40/2.0,第2-12周,周三(3-4),教2-125,课堂讲授为主,课堂开卷
345.0,083M5015H,工业废气控制过程、材料与技术,专业普及课,环境工程,60/3.0,第2-17周,周五(3-4),教2-229,课堂讲授为主,课堂开卷
349.0,083M5023H-1,环境数据的统计学分析方法-1,专业普及课,环境科学,60/4.0,第2-17周,周一(3-4),教1-209,课堂讲授为主,课堂开卷
349.0,083M5023H-1,环境数据的统计学分析方法-1,专业普及课,环境科学,60/4.0,第2-17周,周三(3-4),教1-209,课堂讲授为主,课堂开卷
355.0,091M4001H,计算机体系结构,专业核心课,计算机系统结构,60/3.0,第2-20周,周一(9-11),教1-107,课堂讲授为主,闭卷笔试
357.0,091M4021H-2,高级软件工程,一级学科核心课,"计算机软件与理论
软件工程",60/3.0,第2-17周,周一(3-4),教1-207,授课、讨论,闭卷笔试
357.0,091M4021H-2,高级软件工程,一级学科核心课,"计算机软件与理论
软件工程",60/3.0,第2-17周,周三(3-4),教1-207,授课、讨论,闭卷笔试
358.0,091M4023H,数理逻辑与程序理论,专业核心课,计算机软件与理论,60/3.0,第2-20周,周三(5-7),教1-108,课堂讲授为主,闭卷笔试
359.0,091M4041H,计算机算法设计与分析,专业核心课,计算机应用技术,60/3.0,第2-20周,周五(2-4),教1-101,课堂讲授为主,闭卷笔试
373.0,091M5041H,人机交互,专业普及课,计算机应用技术,40/2.0,第2-16周,周三(5-7),教1-114,课堂讲授为主,课堂开卷
375.0,091M5047H,现代信息检索,专业普及课,计算机应用技术,40/2.0,第2-13周,周一(3-4),教1-107,课堂讲授为主,课堂开卷
375.0,091M5047H,现代信息检索,专业普及课,计算机应用技术,40/2.0,第2-13周,周三(3-4),教1-107,课堂讲授为主,课堂开卷
385.0,101M1002H,随机过程（电子与通信类）,一级学科核心课,信息与通信工程,60/4.0,第2-18周,周三(5-6),教1-207,课堂讲授为主,闭卷笔试
387.0,101M1004H,信息论,一级学科核心课,信号与信息处理,60/4.0,第2-18周,周一(3-4),教1-108,课堂讲授为主,闭卷笔试
387.0,101M1004H,信息论,一级学科核心课,信号与信息处理,60/4.0,第2-18周,周三(3-4),教1-108,课堂讲授为主,闭卷笔试
388.0,101M4001H,现代雷达系统,专业核心课,通信与信息系统,80/5.0,第2-17周,周五(9-11),教1-209,课堂讲授为主,课堂开卷
389.0,101M4002H,高级通信原理I,专业核心课,通信与信息系统,50/3.0,第2-17周,周三(5-7),学2-304,课堂讲授为主,闭卷笔试
399.0,101M6001H,电声原理与应用,专业研讨课,通信与信息系统,20/1.0,第11-18周,周一(9-11),教1-417,课堂讲授为主,读书报告
401.0,101M6004H,微波遥感概论,专业研讨课,信号与信息处理,20/1.0,第2-10周,周六(1-3),教1-125,课堂讲授为主,读书报告
406.0,102M4001H,微波电子学,专业核心课,物理电子学,60/4.0,第2-20周,周五(9-11),教1-223,课堂讲授为主,闭卷笔试
411.0,102M4006H-1,半导体工艺与制造技术,专业核心课,电路与系统,53/3.0,第2-20周,周五(9-11),教1-109,课堂讲授为主,课堂开卷
413.0,102M4007H-1,微机电系统基础,专业核心课,电路与系统,50/3.0,第2-20周,周三(5-7),教1-115,课堂讲授为主,课堂开卷
415.0,102M4007H-3,微机电系统基础,专业核心课,电路与系统,50/3.0,第2-20周,周一(9-11),教1-223,课堂讲授为主,闭卷笔试
418.0,102M5004H,最优化方法,专业普及课,电子科学与技术,40/2.5,第2-17周,周三(5-7),教1-304,课堂讲授为主,闭卷笔试
423.0,102M6010H,飞秒激光技术应用,专业研讨课,物理电子学,20/1.0,第2-11周,周三(3-4),教1-208,课堂讲授为主,课堂开卷
424.0,102M6011H,太阳能光伏技术与应用,专业研讨课,物理电子学,30/2.0,第2-9周,周一(3-4),教1-115,授课、讨论,文献综述
424.0,102M6011H,太阳能光伏技术与应用,专业研讨课,物理电子学,30/2.0,第2-9周,周五(3-4),教1-115,授课、讨论,文献综述
425.0,103M1003H,数学物理方法（电子与通信类）,一级学科核心课,电子科学与技术,60/4.0,第2-19周,周五(1-2),教1-406,课堂讲授为主,闭卷笔试
429.0,103M5001H,气体放电与低温等离子体,专业普及课,高电压与绝缘技术,30/2.0,第6-18周,周三(5-7),教1-315,课堂讲授为主,课堂开卷
430.0,103M6003H,超导精密测量技术及误差理论,专业研讨课,高电压与绝缘技术,20/1.0,第10-17周,周日(1-3),教1-123,课堂讲授为主,读书报告
431.0,111M4002H,连续介质力学（流体）,专业核心课,,60/3.0,第2-21周,周三(5-7),教1-309,课堂讲授为主,闭卷笔试
434.0,111M4006H,有限元方法,专业核心课,,60/3.0,第2-16周,周五(1-2),教1-207,课堂讲授为主,闭卷笔试
435.0,111M4007H,材料物理基础,专业核心课,,50/2.5,第2-18周,周三(5-7),教1-424,课堂讲授为主,课堂开卷
441.0,111M4027H,高等岩石力学,专业核心课,,40/2.0,第6-13周,周五(9-11),教1-225,课堂讲授为主,闭卷笔试
441.0,111M4027H,高等岩石力学,专业核心课,,40/2.0,第6-13周,周六(1-2),教1-225,课堂讲授为主,闭卷笔试
442.0,111M5001H,非线性动力学与混沌,专业普及课,,40/2.0,第10-22周,周三(5-7),教1-411,课堂讲授为主,闭卷笔试
443.0,111M5002H,生物力学,专业普及课,,40/2.0,第2-11周,周一(3-4),教1-413,课堂讲授为主,课堂开卷
443.0,111M5002H,生物力学,专业普及课,,40/2.0,第2-11周,周五(3-4),教1-413,课堂讲授为主,课堂开卷
445.0,111M5006H,张量分析,专业普及课,,40/2.0,第2-15周,周三(5-7),学2-116,课堂讲授为主,闭卷笔试
447.0,111M5010H,气体动力学基础,专业普及课,,36/2.0,第2-19周,周五(3-4),教1-215,课堂讲授为主,课堂开卷
451.0,112M4003H,热物理实验原理与技术,专业核心课,,50/2.5,第2-18周,周三(5-7),教1-406,课堂讲授为主,课堂开卷
454.0,113M5001H,太阳能热发电技术,专业普及课,,50/2.5,第2-11周,周三(5-7),学2-448,课堂讲授为主,课堂开卷
455.0,114D1002Z,当代建筑学理论,一级学科核心课,,51/3.0,第2-20周,周一(9-11),N401,课堂讲授为主,课堂开卷
455.0,114D1002Z,当代建筑学理论,一级学科核心课,,51/3.0,第1周,周日(9-11),N401,课堂讲授为主,课堂开卷
456.0,114D3003Z,建筑理论（三）——建筑设计方法论,一级学科研讨课,,30/2.0,第12-21周,周五(2-4),N208,课堂讲授为主,课堂开卷
457.0,115M1002H,高级管理学,专业核心课,,40/2.0,第2-15周,周五(9-11),教1-113,课堂讲授为主,课堂开卷
461.0,115M1007H,大型复杂工程管理,专业核心课,,40/2.0,第2-11周,周三(3-4),教1-214,课堂讲授为主,课堂开卷
461.0,115M1007H,大型复杂工程管理,专业核心课,,40/2.0,第2-11周,周五(3-4),教1-213,课堂讲授为主,课堂开卷
462.0,115M2002H,工程造价管理,专业普及课,,40/2.0,第2-11周,周五(1-2),教1-113,课堂讲授为主,大开卷
463.0,121D2001Z,研究生科研素养培养,一级学科普及课,,30/1.0,第2-15周,周三(5-7),N413,课堂讲授为主,闭卷笔试
469.0,121M1004H,管理科学方法论与工具应用,一级学科核心课,,60/3.0,第2-20周,周一(3-4),教1-213,课堂讲授为主,闭卷笔试
469.0,121M1004H,管理科学方法论与工具应用,一级学科核心课,,60/3.0,第2-20周,周三(3-4),教1-213,课堂讲授为主,闭卷笔试
471.0,121M5005H,决策分析,专业普及课,管理科学与工程,40/2.0,第2-20周,周五(2-4),教2-206,课堂讲授为主,课堂开卷
472.0,121M5006H,博弈论,专业普及课,管理科学与工程,40/2.0,第2-12周,周五(1-2),教1-208,课堂讲授为主,课堂开卷
476.0,122M5006H,技术创新与创业经济学,专业普及课,技术经济及管理,40/2.0,第2-14周,周三(5-6),教1-415,课堂讲授为主,课堂开卷
487.0,12MGB001H-01,科技信息检索与利用实用技巧（化学化工领域）,公共必修课,,27/1.0,第2-12周,周五(2-4),L-145(机房),课堂讲授为主,大开卷
491.0,12MGB001H-05,科技信息检索与利用实用技巧（电子领域）,公共必修课,,27/1.0,第2-12周,周一(2-4),L-145(机房),课堂讲授为主,大开卷
493.0,12MGB001H-07,科技信息检索与利用实用技巧,公共必修课,,27/1.0,第2-13周,周三(5-7),L-145(机房),课堂讲授为主,大开卷
495.0,12MGX001H-09,科技信息检索与利用实用技巧,公共选修课,,27/1.0,第2-12周,周一(2-4),学2-216(机房),课堂讲授为主,大开卷
507.0,12MGX032H,危机管理,公共选修课,,40/1.0,第2-12周,周三(3-4),教1-304,课堂讲授为主,课堂开卷
507.0,12MGX032H,危机管理,公共选修课,,40/1.0,"第2-3,5-12周",周五(3-4),教1-304,课堂讲授为主,课堂开卷
511.0,12MGX045H,虚拟商务,公共选修课,,40/1.0,第3-13周,周三(5-6),教1-324,课堂讲授为主,课堂开卷
512.0,12MGX046H,行为金融学,公共选修课,,40/1.0,第2-13周,周三(5-6),教1-307,课堂讲授为主,大开卷
518.0,12MGX097H,服务管理,公共选修课,,40/1.0,第3-15周,周五(1-2),教1-227,课堂讲授为主,课堂开卷
521.0,12MGX107H,工程经济学,公共选修课,,40/1.0,第3-14周,周三(3-4),教1-307,课堂讲授为主,课堂开卷
521.0,12MGX107H,工程经济学,公共选修课,,40/1.0,第3-14周,周五(3-4),教1-307,课堂讲授为主,课堂开卷
524.0,12MGX119H,大数据管理与应用,公共选修课,,40/1.0,第2-12周,周一(3-4),教1-417,课堂讲授为主,大开卷
524.0,12MGX119H,大数据管理与应用,公共选修课,,40/1.0,第2-12周,周三(3-4),教1-417,课堂讲授为主,大开卷
527.0,12MGX128H,团队合作:理论与案例,公共选修课,,40/1.0,第3-17周,周三(5-7),教1-113,课堂讲授为主,大开卷
532.0,12MGX142H-2,科学数据管理与应用,公共选修课,,30/1.0,第2-13周,周一(2-4),教1-127,课堂讲授为主,课堂开卷
533.0,12MGX143H,专利申请实务,公共选修课,,27/1.0,第2-12周,周五(2-4),学3-257(机房),课堂讲授为主,大开卷
534.0,12MGX147H,能源经济与绿色发展,公共选修课,,30/1.0,第2-13周,周五(2-4),教2-323,课堂讲授为主,课堂开卷
536.0,12MGX149H,数据分析与统计机器学习,公共选修课,,40/1.0,第2-15周,周三(5-7),教2-313,课堂讲授为主,课堂开卷
537.0,12MGX150H,应用统计学基础,公共选修课,,30/1.0,第8-17周,周一(9-11),教1-123,课堂讲授为主,课堂开卷
539.0,131D2004Z,科技管理理论与方法,一级学科普及课,管理科学与工程,36/2.0,第2-13周,周三(5-7),N106,课堂讲授为主,读书报告
543.0,131D2011Z,风险分析与决策,一级学科普及课,管理科学与工程,36/2.0,第2-7周,周五(2-4),N210,授课、讨论,大开卷
547.0,131M1005H,可持续发展理论与实践,一级学科核心课,管理科学与工程,54/3.0,第2-19周,周三(5-7),教1-132,课堂讲授为主,课堂开卷
552.0,131M2011H,科技创新全球化导论,一级学科普及课,管理科学与工程,36/2.0,第2-13周,周三(5-7),学1-106,授课、讨论,读书报告
558.0,133M4003H,科技法学,专业核心课,民商法学,54/3.0,第2-19周,周三(5-7),教1-121,授课、讨论,闭卷笔试
561.0,13MGB001H-01,知识产权,公共必修课,,20/1.0,第2-8周,周日(2-4),教1-101,课堂讲授为主,课堂开卷
562.0,13MGB001H-02,知识产权,公共必修课,,20/1.0,第2-8周,周日(5-7),教1-101,课堂讲授为主,课堂开卷
564.0,13MGB001H-04,知识产权,公共必修课,,20/1.0,第2-11周,周五(1-2),教1-009,课堂讲授为主,课堂开卷
565.0,13MGB001H-05,知识产权,公共必修课,,20/1.0,第2-8周,周五(9-11),教1-002,课堂讲授为主,课堂开卷
566.0,13MGB001H-06,知识产权,公共必修课,,20/1.0,第2-8周,周日(9-11),教1-101,课堂讲授为主,课堂开卷
568.0,13MGX002H,创新与创业管理,公共选修课,,30/1.0,第2-11周,周三(5-7),教1-227,课堂讲授为主,课堂开卷
573.0,13MGX012H,技术合同与案例分析,公共选修课,,30/1.0,第2-13周,周一(9-11),教1-208,课堂讲授为主,课堂开卷
579.0,13MGX068H,社会政策理论与实践,公共选修课,,30/1.0,第2-11周,周三(5-7),教1-217,授课、讨论,读书报告
580.0,13MGX069H,中外政治制度和政府治理比较,公共选修课,,30/1.0,第2-11周,周五(9-11),教1-115,授课、讨论,读书报告
581.0,13MGX074H,创新方法导论,公共选修课,,30/1.0,第2-13周,周一(9-11),教1-225,授课、讨论,大开卷
585.0,141M2004H,伦理学思想流派,一级学科普及课,哲学,40/2.0,第2-16周,周一(2-4),学1-221,课堂讲授为主,课堂开卷
594.0,142M2002H,新闻采访与写作,一级学科普及课,,40/2.0,第2-12周,周三(5-6),学1-121,课堂讲授为主,课堂开卷
600.0,143M2013H,西方科学史研究导论,一级学科普及课,,40/2.0,第2-15周,周三(5-7),学1-006,课堂讲授为主,课堂开卷
603.0,143M4001H,科技考古,专业核心课,科学技术史,40/2.0,第2-15周,周五(2-4),学1-021,课堂讲授为主,课堂开卷
611.0,14MGX012H,美国科学技术史概论,公共选修课,,40/1.0,第3-16周,周三(5-7),教1-305,课堂讲授为主,大开卷
615.0,14MGX020H,先秦思想史,公共选修课,,21/0.5,第3-10周,周五(9-11),教1-114,课堂讲授为主,大开卷
616.0,14MGX025H,科学技术与公共政策,公共选修课,,40/1.0,第2-16周,周一(9-11),教1-304,课堂讲授为主,课堂开卷
618.0,14MGX035H,植物学史,公共选修课,,40/1.0,第2-15周,周三(5-7),教1-209,课堂讲授为主,大开卷
620.0,14MGX041H,科学技术史,公共选修课,,40/1.0,第2-16周,周一(9-11),教1-109,课堂讲授为主,大开卷
626.0,14MGX062H,陶瓷的世界—贸易、文化和技术交流史,公共选修课,,40/1.0,第2-16周,周一(9-11),教1-215,课堂讲授为主,大开卷
646.0,181M1008H,医学微生物学及进展,一级学科核心课,基础医学,50/3.5,第2-20周,周三(5-7),教2-113,课堂讲授为主,课堂开卷
650.0,181M1015H,人类遗传疾病,一级学科核心课,基础医学,50/3.5,第2-20周,周三(5-7),教2-114,课堂讲授为主,课堂开卷
654.0,181M2005H,病毒病与监控,一级学科普及课,基础医学,30/2.5,第2-14周,周五(9-11),教2-118,课堂讲授为主,读书报告
661.0,183M2001H,医学发育生物学,一级学科普及课,生物医学工程,30/2.5,"第3-10,12-16周",周三(5-7),教2-219,课堂讲授为主,课堂开卷
662.0,183M2003H,医学材料学,一级学科普及课,生物医学工程,40/3.0,第2-18周,周五(9-11),教2-123,课堂讲授为主,课堂开卷
664.0,191M4003H,高等数字集成电路分析及设计,专业核心课,集成电路工程,50/3.0,第2-18周,周一(1-3),教1-214,讲课、上机,闭卷笔试
667.0,192M5003H,半导体存储器技术,专业普及课,,30/2.0,第2-16周,周三(5-6),教1-125,课堂讲授为主,读书报告
675.0,201M4010H,网络与系统安全,专业核心课,网络空间安全,60/3.0,第2-20周,周五(9-11),教1-306,课堂讲授为主,闭卷笔试
677.0,201M4012H,软件安全原理,专业核心课,网络空间安全,60/3.0,"第2-4,6-20周",周三(5-7),学2-418,课堂讲授为主,闭卷笔试
678.0,201M4014H,信息安全数学基础,专业核心课,网络空间安全,60/3.0,"第2-4,6-20周",周三(5-7),教1-208,课堂讲授为主,闭卷笔试
679.0,201M5001H,理论密码学,专业普及课,网络空间安全,40/2.0,"第2-4,6-15周",周三(5-7),学2-114,课堂讲授为主,课堂开卷
681.0,201M5006H,密码分析学,专业普及课,网络空间安全,40/2.0,第2-12周,周一(3-4),教1-227,课堂讲授为主,课堂开卷
681.0,201M5006H,密码分析学,专业普及课,网络空间安全,40/2.0,第2-12周,周三(3-4),教1-227,课堂讲授为主,课堂开卷
692.0,201M6009H,密码学中的量子计算基础,专业研讨课,网络空间安全,20/1.0,第3-12周,周五(3-4),教1-225,课堂讲授为主,读书报告
698.0,211M5002H,液态金属微流体学,专业普及课,液态金属物质科学与技术,30/1.5,第2-14周,周五(9-11),教1-313,课堂讲授为主,闭卷笔试
699.0,212M5002H,肿瘤精准治疗的临床实践与未来技术,专业普及课,基因组健康技术,20/1.0,第2-8周,周三(5-7),教1-411,课堂讲授为主,课堂开卷
702.0,213M5001H,硅微机械加工,专业普及课,生物芯片技术,30/1.5,第6-15周,周三(5-7),学2-102,课堂讲授为主,课堂开卷
708.0,216M5002H,神经科学导论,专业普及课,脑科学与智能技术,36/1.5,第2-9周,周日(9-11),学2-116,课堂讲授为主,闭卷笔试
709.0,216M5003H,系统神经科学,专业普及课,脑科学与智能技术,33/1.5,第10-14周,周日(9-11),学2-116,课堂讲授为主,闭卷笔试
711.0,217M5002H,光谱及显微成像基础与前沿,专业普及课,光物质科学与能源技术,30/1.5,第7-14周,周三(3-4),教1-115,课堂讲授为主,课堂开卷
714.0,23DGB002H-02,中国马克思主义与当代,公共必修课,,36/2.0,第12-19周,周一(9-11),教1-002,课堂讲授为主,其它（需说明）
728.0,23DGB002Z-01,中国马克思主义与当代,公共必修课,,36/2.0,第12-19周,周五(1-4),S101,课堂讲授为主,其它（需说明）
731.0,23MGB001H-01,中国特色社会主义理论与实践研究,公共必修课,,36/2.0,第2-11周,周一(9-11),教2-101,课堂讲授为主,其它（需说明）
732.0,23MGB001H-02,中国特色社会主义理论与实践研究,公共必修课,,36/2.0,第2-11周,周一(9-11),教2-201,课堂讲授为主,其它（需说明）
733.0,23MGB001H-03,中国特色社会主义理论与实践研究,公共必修课,,36/2.0,第2-11周,周一(9-11),教1-101,课堂讲授为主,其它（需说明）
747.0,23MGB001H-17,中国特色社会主义理论与实践研究,公共必修课,,36/2.0,第2-11周,周五(1-4),教1-002,课堂讲授为主,其它（需说明）
750.0,23MGB001H-20,中国特色社会主义理论与实践研究,公共必修课,,36/2.0,第2-11周,周五(9-11),教1-101,课堂讲授为主,其它（需说明）
753.0,23MGB001H-23,中国特色社会主义理论与实践研究,公共必修课,,36/2.0,第2-11周,周六(1-4),教1-101,课堂讲授为主,其它（需说明）
754.0,23MGB001H-24,中国特色社会主义理论与实践研究,公共必修课,,36/2.0,第2-11周,周六(5-8),教1-101,课堂讲授为主,其它（需说明）
765.0,241M4001H,认知心理学,专业核心课,基础心理学,60/3.0,第2-12周,周五(2-4),教1-214,课堂讲授为主,闭卷笔试
777.0,251M1006H,现代控制理论,一级学科核心课,控制科学与工程,60/3.0,第19-20周,周三(5-7),教1-109,课堂讲授为主,闭卷笔试
777.0,251M1006H,现代控制理论,一级学科核心课,控制科学与工程,60/3.0,"第2-4,6-20周",周五(9-11),教1-107,课堂讲授为主,闭卷笔试
780.0,251M5009H,智能人机交互,专业普及课,模式识别与智能系统,40/2.0,"第2-4,6-15周",周三(5-7),教1-213,课堂讲授为主,读书报告
782.0,251M5011H,多媒体分析与理解,专业普及课,模式识别与智能系统,40/2.0,"第2-3,6-16周",周一(9-11),教1-127,课堂讲授为主,课堂开卷
784.0,251M5016H,机器人机构学,专业普及课,控制理论与控制工程,40/2.0,第2-20周,周五(3-4),教1-113,课堂讲授为主,闭卷笔试
785.0,251M5017H,机器人系统设计,专业普及课,控制理论与控制工程,40/2.0,"第2-3,6-16周",周一(9-11),教1-227,课堂讲授为主,读书报告
788.0,251M5026H,复杂系统与复杂网络,专业普及课,控制理论与控制工程,40/2.0,第2-20周,周三(3-4),教1-113,课堂讲授为主,闭卷笔试
792.0,251M6019H,嵌入式系统,专业研讨课,控制理论与控制工程,20/1.0,第6-12周,周三(5-7),教1-127,授课、讨论,读书报告
793.0,251M6022H,人工智能哲学与伦理,专业研讨课,模式识别与智能系统,20/1.0,"第3-4,6-13周",周五(1-2),教1-115,课堂讲授为主,读书报告
795.0,261M4002H,纳米材料、结构物理特性,专业核心课,纳米科学与技术,50/3.0,第2-19周,周一(1-3),学3-344,课堂讲授为主,闭卷笔试
797.0,261M4006H,半导体纳米结构物理基础,专业核心课,纳米科学与技术,50/3.0,第2-19周,周五(2-4),教2-221,课堂讲授为主,闭卷笔试
799.0,261M5003H,纳米发电机与自驱动系统概论,专业普及课,纳米科学与技术,50/3.0,第2-18周,周三(5-7),教2-238,课堂讲授为主,闭卷笔试
802.0,261M5008H,纳米生物界面的物理化学,专业普及课,纳米科学与技术,30/2.0,第2-16周,周三(3-4),教1-127,课堂讲授为主,课堂开卷
806.0,27MGX002H,美术研修及应用,公共选修课,,34/1.0,第3-13周,周五(9-11),教2-105,课堂讲授为主,课堂开卷
807.0,27MGX003H,民族器乐理论与实践,公共选修课,,40/1.0,第2-14周,周一(9-11),教1-306,课堂讲授为主,其它（需说明）
810.0,27MGX006H,中国舞蹈基础,公共选修课,,40/1.0,第2-14周,周三(5-7),礼堂,课堂讲授为主,其它（需说明）
812.0,281M1001H,应用光学,一级学科核心课,光学工程,50/3.0,第2-19周,周五(9-11),教1-208,课堂讲授为主,闭卷笔试
817.0,281M2004H,光电技术实验,一级学科普及课,光学工程,40/1.0,第10周,周日(5-7),学2-114,课堂讲授为主,读书报告
818.0,281M2005H,光学传感实验I,一级学科普及课,,60/1.5,第2周,周日(5-7),学2-114,讲课、实验,读书报告
820.0,281M5007H,高等光学实验,专业普及课,光学工程,40/1.0,第6周,周日(5-7),学2-114,课堂讲授为主,读书报告
821.0,283M1001H,精密仪器设计,一级学科核心课,仪器科学与技术,54/3.0,第2-20周,周六(2-4),教1-113,课堂讲授为主,闭卷笔试
822.0,283M4001H,传感器与信息测试技术,专业核心课,仪器科学与技术,50/3.0,第2-20周,周六(5-7),教1-109,课堂讲授为主,闭卷笔试
823.0,283M4004H,精密时间的产生与测量,专业核心课,仪器科学与技术,60/3.0,第3-15周,周三(5-7),学1-221,课堂讲授为主,闭卷笔试
826.0,291M1003H,粒子加速器技术I,一级学科核心课,,50/3.0,第2-18周,周三(5-7),学3-142,课堂讲授为主,闭卷笔试
827.0,291M1004H,核物理实验方法,一级学科核心课,核科学与技术,64/4.0,第2-17周,周五(3-4),教2-118,课堂讲授为主,闭卷笔试
835.0,291M2007H,中子物理,一级学科普及课,,50/3.0,第2-14周,周一(3-4),教2-218,课堂讲授为主,课堂开卷
835.0,291M2007H,中子物理,一级学科普及课,,50/3.0,第2-14周,周六(3-4),教2-218,课堂讲授为主,课堂开卷
842.0,301M4005H,生物过程工程,专业核心课,生物化工,50/3.0,第2-20周,周三(5-7),教2-225,课堂讲授为主,闭卷笔试
843.0,301M4009H,工业催化原理,专业核心课,工业催化,50/3.0,第2-16周,周五(3-4),教2-104,课堂讲授为主,闭卷笔试
844.0,301M4011H,化工数学模型与方法,专业核心课,化学工程,50/3.0,第2-20周,周三(5-7),教2-223,课堂讲授为主,闭卷笔试
849.0,311M4302H	,高等土壤化学,专业核心课,土壤学,56/3.0,"第2-4,6-14周",周五(1-2),教2-319,课堂讲授为主,闭卷笔试
851.0,311M4304H	,环境土壤学,专业核心课,土壤学,60/4.0,"第2-4,6-12周",周三(5-7),教2-338,课堂讲授为主,闭卷笔试
856.0,312M2203H,代谢调控：细胞、生理与进化,一级学科普及课,作物学,30/2.0,第6-15周,周三(5-7),教2-107,课堂讲授为主,读书报告
858.0,312M5212H,高级微生物组学	,专业普及课,作物遗传育种学,50/3.0,"第2-4,6-15周",周五(1-2),教2-223,课堂讲授为主,课堂开卷
860.0,312M6216H,作物栽培新技术理论与实践研讨	,专业研讨课,作物遗传育种学,20/2.0,"第2-4,6-12周",周五(3-4),教2-336,授课、讨论,读书报告
865.0,315M4401H,水产生物遗传育种学	,专业核心课,水产养殖,60/4.0,第4周,周五(1-2),教2-113,课堂讲授为主,闭卷笔试
868.0,315M4414H	,渔业资源管理与保护生物学	,专业核心课,渔业资源,60/4.0,"第2-3,6-17,19周",周一(9-10),教2-314,课堂讲授为主,闭卷笔试
868.0,315M4414H	,渔业资源管理与保护生物学	,专业核心课,渔业资源,60/4.0,"第2-4,6-17周",周三(3-4),教2-314,课堂讲授为主,闭卷笔试
871.0,315M5404H	,鱼类分子遗传与基因工程育种	,专业普及课,水产养殖,40/2.0,"第3-4,6-13周",周三(3-4),教2-113,课堂讲授为主,闭卷笔试
873.0,315M5406H	,水产生物发育生物学	,专业普及课,水产养殖,40/2.0,"第3-4,6-13周",周三(5-6),教2-413,课堂讲授为主,闭卷笔试
878.0,315M5419H	,饵料生物学	,专业普及课,渔业资源,40/2.0,"第2-4,6-16周",周三(5-7),教2-314,课堂讲授为主,闭卷笔试
881.0,315M6409H	,水产动物基因组学	,专业研讨课,水产养殖,30/2.0,"第2-4,6-12周",周五(9-11),教2-114,授课、讨论,闭卷笔试
886.0,315M6422H	,特色海水养殖学 	,专业研讨课,渔业资源,30/2.0,"第2-4,6-12周",周五(9-11),教2-113,授课、讨论,闭卷笔试
895.0,321M5008H,卫星海洋遥感与应用,专业普及课,物理海洋学,36/2.0,第2-14周,周五(1-3),教2-327,课堂讲授为主,闭卷笔试
901.0,TYMGX001H-03,吴氏太极拳,公共选修课,,32/0.5,第3-18周,周三(5-6),东区操房1,其它（需说明）,其它（需说明）
905.0,TYMGX002H-01,软式排球普修（男女混班）,公共选修课,,32/0.5,第3-18周,周一(3-4),西区羽毛球馆1,其它（需说明）,其它（需说明）
915.0,TYMGX005H-05,男子健身,公共选修课,,32/0.5,第3-18周,周三(3-4),西区健身中心1,其它（需说明）,其它（需说明）
918.0,TYMGX006H-03,男子健身健美,公共选修课,,30/0.5,第3-17周,周五(1-2),西区健身中心1,其它（需说明）,其它（需说明）
919.0,TYMGX006H-04,男子健身健美,公共选修课,,30/0.5,第3-18周,周五(3-4),西区健身中心1,其它（需说明）,其它（需说明）
922.0,TYMGX008H,网球,公共选修课,,32/0.5,第3-18周,周三(5-6),西区室外网球场,其它（需说明）,其它（需说明）
925.0,TYMGX010H-02,羽毛球（男女混班）,公共选修课,,32/0.5,第8-18周,周三(3-4),体育馆,其它（需说明）,其它（需说明）
926.0,TYMGX010H-03,羽毛球（男女混班）,公共选修课,,32/0.5,第8-18周,周三(5-6),体育馆,其它（需说明）,其它（需说明）
934.0,TYMGX011H-04,乒乓球（男女混班）,公共选修课,,32/0.5,第8-18周,周五(1-2),体育馆,其它（需说明）,其它（需说明）
935.0,TYMGX011H-05,乒乓球（男女混班）,公共选修课,,32/0.5,第8-18周,周五(3-4),体育馆,其它（需说明）,其它（需说明）
938.0,TYMGX013H-01,瑜伽（男女混班）,公共选修课,,32/0.5,第8-18周,周一(1-2),体育馆,其它（需说明）,其它（需说明）
939.0,TYMGX013H-02,瑜伽（男女混班）,公共选修课,,32/0.5,第8-18周,周一(3-4),体育馆,其它（需说明）,其它（需说明）
942.0,TYMGX013H-05,瑜伽（男女混班）,公共选修课,,32/0.5,第3-18周,周三(3-4),西区羽毛球馆1,其它（需说明）,其它（需说明）
944.0,TYMGX015H,女子自由泳,公共选修课,,32/0.5,第2-14周,周一(1-2),游泳馆,其它（需说明）,其它（需说明）
947.0,TYMGX017H-01,女子蛙泳,公共选修课,,32/0.5,第3-18周,周一(3-4),游泳馆,其它（需说明）,其它（需说明）
